企业ID,企业名称,简称,经营状态,法定代表人,注册资本(万元),成立日期,统一社会信用代码,注册地址,归属地,企业资质数,中标业绩数,四库业绩数,注册人员数,客户数,供应商数,标签,详情页
91406313,中国电信股份有限公司,中国电信,在业,柯瑞文,9150713.8699,2002-09-10,9111000071093019X7,北京市西城区金融大街31号,北京-北京市-西城区,1,3220,27292,4,17630,1779,央企子公司|国有企业|严重行政处罚|国家级荣誉奖项|国家优质工程奖|华夏建设科学技术奖|京津冀|华北|优质甲方,https://www.jiansheku.com/enterprise/91406313/
80265,中移建设有限公司,,在业,孙卫东,400000,2003-03-25,911101087481059966,北京市海淀区北蜂窝路18号（综合楼9层906、907、917）,北京-北京市-海淀区,22,54,19702,1864,5557,198,央企子公司|国有企业|通信工程特级|高新技术企业|国家优质工程奖|京津冀|华北|优质甲方,https://www.jiansheku.com/enterprise/80265/
36501,中国联合网络通信有限公司,,在业,董昕,22539208.432769,2000-04-21,91110000710939135P,北京市西城区金融大街21号,北京-北京市-西城区,0,1320,17905,0,16512,621,国有企业|国家级荣誉奖项|国家优质工程奖|华夏建设科学技术奖|京津冀|华北|优质甲方,https://www.jiansheku.com/enterprise/36501/
11627,中国华西工程设计建设有限公司,,在业,周华,2000,1987-09-30,91510000201803520Y,成都金牛高新技术产业园区蜀西路50号3栋5至12层,四川省-成都市-金牛区,33,20,23130,764,6090,30,严重行政处罚|勘察综合甲级|监理综合资质|高新技术企业|国家级荣誉奖项|国家优质工程奖|詹天佑奖|钢结构金奖|西南|优质甲方|民营企业,https://www.jiansheku.com/enterprise/11627/
589129,深圳群伦项目管理有限公司,,在业,张啸宏,868,2013-05-13,91440113068175368R,深圳市龙华区观澜街道桂花社区观光路1211号乐创荟大厦1栋一单元1404,广东省-深圳市-龙华区,7,195,14554,107,4043,63,严重行政处罚|高新技术企业|科技型中小企业|专精特新|粤港澳大湾区|珠三角|华南|优质甲方|民营企业,https://www.jiansheku.com/enterprise/589129/
40761,广州博厦建筑设计研究院有限公司,,在业,喻继芳,1000,2002-07-31,914401067418583113,广州市天河区兴民路222号之三4909房,广东省-广州市-天河区,11,17,20717,178,7335,29,严重行政处罚|国家级荣誉奖项|国家优质工程奖|钢结构金奖|粤港澳大湾区|珠三角|华南|优质甲方|民营企业,https://www.jiansheku.com/enterprise/40761/
39169,上海市政工程设计研究总院（集团）有限公司,,在业,郑志民,150000,1994-03-11,913100004250256419,上海市杨浦区中山北二路901号,上海-上海市-杨浦区,34,73,17844,2941,3868,87,国企|国有企业|省属国企|严重行政处罚|建筑一级资质|建筑工程一级|市政公用工程一级|勘察综合甲级|设计综合甲级|高新技术企业|省级企业技术中心|国家级荣誉奖项|鲁班奖|国家优质工程奖|詹天佑奖|钢结构金奖|优秀工程勘察设计奖|市政金杯示范工程|华夏建设科学技术奖|长三角|华东|优质甲方,https://www.jiansheku.com/enterprise/39169/
20082,华设设计集团股份有限公司,华设设计,在业,杨卫东,68379.6403,2005-08-12,91320000780270414F,南京市秦淮区紫云大道9号,江苏省-南京市-秦淮区,23,40,14511,1366,3915,90,勘察综合甲级|设计综合甲级|高新技术企业|省级企业技术中心|国家级荣誉奖项|国家优质工程奖|詹天佑奖|钢结构金奖|优秀工程勘察设计奖|华夏建设科学技术奖|长三角|华东|优质甲方|民营企业,https://www.jiansheku.com/enterprise/20082/
17937,大洲设计咨询集团有限公司,,在业,曹潮,5000,2006-05-24,91320902788854895B,盐城市城南新区黄海街道青年中路51号钱江财富广场2幢2-901室（CNH）,江苏省-盐城市-亭湖区,30,263,15796,1000,4084,48,严重行政处罚|监理综合资质|高新技术企业|国家级荣誉奖项|国家优质工程奖|钢结构金奖|市政金杯示范工程|长三角|华东|优质甲方|民营企业,https://www.jiansheku.com/enterprise/17937/
43229,浙江恒欣设计集团股份有限公司,恒欣设计,在业,邱凌燕,5085,2001-03-02,91330400727195881W,浙江省嘉兴市南湖区嘉兴科技城金港路35号8楼,浙江省-嘉兴市-南湖区,19,6,20414,269,7042,17,严重行政处罚|高新技术企业|科技型中小企业|钱江杯|长三角|华东|优质甲方|民营企业,https://www.jiansheku.com/enterprise/43229/
3068,中建三局集团有限公司,中建三局,在业,陈卫国,1531800,2003-12-29,91420000757013137P,武汉市关山路552号,湖北省-武汉市,35,4209,16152,21119,4275,1987,央企子公司|国有企业|严重行政处罚|施工特级资质|建筑工程特级|公路工程特级|市政公用工程特级|机电工程特级|高新技术企业|省级企业技术中心|国家级荣誉奖项|鲁班奖|国家优质工程奖|詹天佑奖|建筑装饰优质工程奖|绿色建筑创新奖|钢结构金奖|市政金杯示范工程|华夏建设科学技术奖|华中|优质甲方,https://www.jiansheku.com/enterprise/3068/
98849,中城科泽工程设计集团有限责任公司,,在业,杭娜,10260,1993-09-15,913209811425580180,东台市安丰镇电子商务产业园6-12号,江苏省-盐城市-东台市,12,5,16163,190,4362,15,高新技术企业|专精特新|西夏杯|长三角|华东|优质甲方|民营企业,https://www.jiansheku.com/enterprise/98849/
14605,中鸿亿博集团有限公司,中鸿亿博,在业,何涌泉,10000,2009-08-03,91510000692268920Y,成都市武侯区武侯大道顺江段77号2栋6楼12号,四川省-成都市-武侯区,18,183,13988,962,4438,79,严重行政处罚|监理综合资质|国家优质工程奖|西南|优质甲方|民营企业,https://www.jiansheku.com/enterprise/14605/
8220,核工业西南勘察设计研究院有限公司,,在业,李辉良,16000,2001-05-08,91510000727474928K,成都市锦江区二环路东四段298号,四川省-成都市-锦江区,35,0,16830,571,3723,3,国有企业|严重行政处罚|建筑一级资质|建筑工程一级|市政公用工程一级|勘察综合甲级|国家优质工程奖|西南,https://www.jiansheku.com/enterprise/8220/
21078,信息产业电子第十一设计研究院科技工程股份有限公司,,在业,秦晨飞,54529.7876,1993-01-16,915101002019764990,成都市成华区双林路251号,四川省-成都市-成华区,31,112,16042,2844,4755,67,国有企业|建筑一级资质|建筑工程一级|机电工程一级|设计综合甲级|高新技术企业|国家级荣誉奖项|鲁班奖|国家优质工程奖|詹天佑奖|钢结构金奖|优秀工程勘察设计奖|华夏建设科学技术奖|西南|优质甲方,https://www.jiansheku.com/enterprise/21078/
390695,国电南瑞南京控制系统有限公司,,在业,苏发亮,150000,1993-07-26,91320191608935509F,南京市江宁经济技术开发区诚信大道19号2幢,江苏省-南京市-江宁区,8,1144,10354,164,861,380,央企子公司|国有企业|高新技术企业|省级企业技术中心|长三角|华东|优质甲方,https://www.jiansheku.com/enterprise/390695/
6034,中国建筑第八工程局有限公司,,在业,周可璋,1521800,1998-09-29,9131000063126503X1,中国（上海）自由贸易试验区世纪大道1568号27层,上海-上海市-浦东新区,31,3391,13810,15063,3902,2203,央企子公司|国有企业|严重行政处罚|施工特级资质|建筑工程特级|公路工程特级|市政公用工程特级|高新技术企业|省级企业技术中心|国家级荣誉奖项|鲁班奖|国家优质工程奖|詹天佑奖|建筑装饰优质工程奖|绿色建筑创新奖|钢结构金奖|市政金杯示范工程|华夏建设科学技术奖|长三角|华东|优质甲方,https://www.jiansheku.com/enterprise/6034/
19308,华汇工程设计集团股份有限公司,,在业,柯海江,30450,2000-03-22,913306007210107199,浙江省绍兴市解放大道177号21层,浙江省-绍兴市,33,7,15974,832,4749,25,高新技术企业|专精特新|国家级荣誉奖项|国家优质工程奖|钢结构金奖|优秀工程勘察设计奖|长三角|华东|优质甲方|民营企业,https://www.jiansheku.com/enterprise/19308/
1076287,公诚管理咨询有限公司,,在业,陈伟峰,20000,2000-03-01,91440000721197608E,广州市天河区春融三路7号南方财经大厦30层,广东省-广州市-天河区,12,198,10995,1587,3370,509,央企子公司|国有企业|严重行政处罚|监理综合资质|高新技术企业|省级企业技术中心|国家优质工程奖|粤港澳大湾区|珠三角|华南|优质甲方,https://www.jiansheku.com/enterprise/1076287/
45751,核工业赣州工程勘察设计集团有限公司,,在业,陈松,10000,1999-04-13,91360700160230358P,江西省赣州开发区华坚中路东侧综合楼三层,江西省-赣州市-章贡区,21,0,16330,116,4929,3,国有企业|勘察综合甲级|高新技术企业|省级企业技术中心|专精特新|国家优质工程奖|华东|优质甲方,https://www.jiansheku.com/enterprise/45751/
45999,江西省勘察设计研究院有限公司,,在业,周云荣,6000,1993-08-31,91360000158286715E,江西省南昌市高新开发区昌东高校园区紫阳大道169号,江西省-南昌市-南昌县,26,5,15942,287,4919,8,国有企业|勘察综合甲级|高新技术企业|专精特新|国家优质工程奖|华东|优质甲方,https://www.jiansheku.com/enterprise/45999/
20783,中国建筑西南勘察设计研究院有限公司,,在业,朱文汇,25130,1989-12-05,915101002019004789,成都市成华区龙潭总部经济城航天路33号,四川省-成都市-成华区,36,3,15242,911,3719,11,央企子公司|国有企业|勘察综合甲级|高新技术企业|省级企业技术中心|国家级荣誉奖项|国家优质工程奖|詹天佑奖|优秀工程勘察设计奖|华夏建设科学技术奖|西南|优质甲方,https://www.jiansheku.com/enterprise/20783/
20684,永明项目管理有限公司,,在业,张宁军,8375,2002-05-27,91610000737967961M,陕西省西咸新区沣西新城尚业路1309号总部经济园6号楼516室,陕西省-咸阳市-秦都区,5,141,11899,655,4310,85,严重行政处罚|监理综合资质|国家级荣誉奖项|国家优质工程奖|钢结构金奖|西北|优质甲方|民营企业,https://www.jiansheku.com/enterprise/20684/
942437,中外建华诚工程技术集团有限公司,,在业,吴东海,30000,2003-01-28,91110107746722261A,北京市石景山区北京重型电机厂（东厂7）10幢1层18号,北京-北京市-石景山区,18,10,14545,359,5195,31,严重行政处罚|建筑一级资质|建筑工程一级|市政公用工程一级|高新技术企业|国家级荣誉奖项|国家优质工程奖|詹天佑奖|京津冀|华北|优质甲方|民营企业,https://www.jiansheku.com/enterprise/942437/
21511,天津市政工程设计研究总院有限公司,,在业,于立军,106973.16,1996-04-09,91120101401203300M,天津市和平区营口道239号,天津-天津市-和平区,36,10,11955,1107,2784,57,省属国企|勘察综合甲级|设计综合甲级|高新技术企业|国家级企业技术中心|省级企业技术中心|国家级荣誉奖项|国家优质工程奖|詹天佑奖|钢结构金奖|优秀工程勘察设计奖|华夏建设科学技术奖|京津冀|华北|优质甲方,https://www.jiansheku.com/enterprise/21511/
697323,首辅工程设计有限公司,,在业,徐苏美,5000,2017-07-10,91510105MA6DE631X4,四川省成都市温江区成都海峡两岸科技产业开发园康益路888号2栋1层3号,四川省-成都市-温江区,75,4,10575,247,3592,6,严重行政处罚|高新技术企业|专精特新|西南|优质甲方|民营企业,https://www.jiansheku.com/enterprise/697323/
9886,中国市政工程中南设计研究总院有限公司,,在业,李伟国,50000,1991-02-09,91420100177666879T,湖北省武汉市江岸区解放公园路8号,湖北省-武汉市-江岸区,29,58,12176,1305,2801,56,国有企业|市政公用工程一级|勘察综合甲级|设计综合甲级|监理综合资质|高新技术企业|国家级荣誉奖项|国家优质工程奖|詹天佑奖|钢结构金奖|华夏建设科学技术奖|华中|优质甲方,https://www.jiansheku.com/enterprise/9886/
20780,中国市政工程华北设计研究总院有限公司,,在业,吴凡松,92715.2318,1993-09-10,911200004013602422,天津市河西区气象台路99号,天津-天津市-河西区,19,27,11494,1124,3141,34,央企子公司|国有企业|严重行政处罚|设计综合甲级|高新技术企业|省级企业技术中心|专精特新|国家级荣誉奖项|国家优质工程奖|詹天佑奖|华夏建设科学技术奖|京津冀|华北|优质甲方,https://www.jiansheku.com/enterprise/20780/
36201,华诚博远工程技术集团有限公司,,在业,周伟,50000,1993-01-20,91110107101631821T,北京市石景山区八大处路49号院4号楼5层5088,北京-北京市-石景山区,24,11,12632,430,4730,44,严重行政处罚|高新技术企业|国家级荣誉奖项|国家优质工程奖|钢结构金奖|华夏建设科学技术奖|京津冀|华北|优质甲方|民营企业,https://www.jiansheku.com/enterprise/36201/
47882,冶金工业部华东勘察基础工程总公司,,在业,张来生,5002,1984-11-07,913400001490407562,安徽省合肥市高新区红枫路29号,安徽省-合肥市-蜀山区,7,1,15744,176,3227,2,国有企业|严重行政处罚|建筑工程一级|勘察综合甲级|国家优质工程奖|长三角|华东|优质甲方,https://www.jiansheku.com/enterprise/47882/
39065,山东益通安装有限公司,益通安装,在业,雷印智,10000,2005-01-04,91370983166602749W,肥城市孙伯大街34号,山东省-泰安市-肥城市,33,14,8556,626,3492,65,严重行政处罚|建筑一级资质|石油化工工程一级|市政公用工程一级|机电工程一级|国家级荣誉奖项|国家优质工程奖|钢结构金奖|华东|优质甲方|民营企业,https://www.jiansheku.com/enterprise/39065/
590717,长春建工勘测规划设计有限公司,,在业,吴凤文,1168,2003-10-14,912201017484344589,长春市朝阳区安达街729号,吉林省-长春市-朝阳区,32,2,12457,224,3059,6,高新技术企业|科技型中小企业|专精特新|国家优质工程奖|东北|优质甲方|民营企业,https://www.jiansheku.com/enterprise/590717/
1046623,西北综合勘察设计研究院,,在业,燕建龙,1515.6,1991-06-27,916100004352021628,陕西省西安市莲湖区习武园9号,陕西省-西安市-莲湖区,32,4,12404,348,3766,21,省属国企|建筑工程一级|勘察综合甲级|高新技术企业|国家级荣誉奖项|国家优质工程奖|詹天佑奖|优秀工程勘察设计奖|华夏建设科学技术奖|西北|优质甲方,https://www.jiansheku.com/enterprise/1046623/
21660,中电信数智科技有限公司,,在业,陆良军,300000,2001-09-13,91110000710928807K,北京市海淀区复兴路33号13层东塔13层1308室,北京-北京市-海淀区,5,2616,8024,132,4750,703,央企子公司|国有企业|高新技术企业|国家优质工程奖|京津冀|华北|优质甲方,https://www.jiansheku.com/enterprise/21660/
21265,联通数字科技有限公司,,在业,孙江山,988983.091327,2006-04-30,911103027886014929,北京市北京经济技术开发区科谷一街10号院8号楼12层1201（北京自贸试验区高端产业片区亦庄组团）,北京-北京市-大兴区,18,2087,7974,371,6111,241,国有企业|高新技术企业|专精特新|华夏建设科学技术奖|京津冀|华北|优质甲方,https://www.jiansheku.com/enterprise/21265/
168628,中联合创设计有限公司,,在业,周文江,5000,2013-05-24,91220101066424818C,吉林省长春市二道区吉林大路535号,吉林省-长春市-二道区,28,4,11005,181,3371,0,严重行政处罚|中州杯|东北|优质甲方|民营企业,https://www.jiansheku.com/enterprise/168628/
34944,核工业江西工程勘察研究总院有限公司,,在业,罗辉,1500,1999-06-04,91360000705546361G,江西省南昌市南昌高新技术产业开发区艾溪湖一路618号,江西省-南昌市-南昌县,20,6,13707,150,3506,7,国有企业|严重行政处罚|勘察综合甲级|高新技术企业|国家优质工程奖|华东|优质甲方,https://www.jiansheku.com/enterprise/34944/
94657,江苏移动信息系统集成有限公司,,在业,张海忠,50000,2010-02-08,91320000551171586G,南京市虎踞路59号,江苏省-南京市-鼓楼区,22,3553,7735,155,2810,512,央企子公司|国有企业|高新技术企业|省级企业技术中心|长三角|华东|优质甲方,https://www.jiansheku.com/enterprise/94657/
21579,四川省城市建设工程咨询集团有限公司,工程咨询,在业,孙河川,3600,1998-11-23,915100007091662270,四川省成都市天府新区华阳街道天府大道南段846号,四川省-成都市-双流区,18,8,11594,823,2846,3,严重行政处罚|监理综合资质|高新技术企业|国家级荣誉奖项|国家优质工程奖|詹天佑奖|钢结构金奖|西南|优质甲方|民营企业,https://www.jiansheku.com/enterprise/21579/
385743,同济大学建筑设计研究院（集团）有限公司,,在业,汤朔宁,6000,1995-04-25,9131000013328457XD,上海市赤峰路65号,上海-上海市-杨浦区,33,37,11030,2442,3629,40,国有企业|高新技术企业|国家级企业技术中心|省级企业技术中心|国家级荣誉奖项|国家优质工程奖|詹天佑奖|绿色建筑创新奖|钢结构金奖|优秀工程勘察设计奖|华夏建设科学技术奖|长三角|华东|优质甲方,https://www.jiansheku.com/enterprise/385743/
124202,建勘勘测有限公司,建勘勘测,在业,周文波,300,2006-02-13,912310001302208451,黑龙江省牡丹江市东安区东七条路461号智库楼三楼（自主申报）,黑龙江省-牡丹江市-东安区,11,0,12503,36,3078,0,国家优质工程奖|优质甲方|民营企业,https://www.jiansheku.com/enterprise/124202/
18626,中国市政工程西北设计研究院有限公司,,在业,史春海,20000,1994-09-30,916200002243468875,甘肃省兰州市定西路459号,甘肃省-兰州市-城关区,28,16,10436,1147,2600,34,央企子公司|国有企业|严重行政处罚|设计综合甲级|高新技术企业|省级企业技术中心|国家级荣誉奖项|国家优质工程奖|詹天佑奖|优秀工程勘察设计奖|华夏建设科学技术奖|西北|优质甲方,https://www.jiansheku.com/enterprise/18626/
10366649,核工业金华勘测设计院有限公司,,在业,叶丽芳,2720,1986-09-26,91330701147330602W,浙江省金华市婺城区文苑街81号,浙江省-金华市-婺城区,15,1,13815,143,3902,1,省属国企|勘察综合甲级|高新技术企业|科技型中小企业|专精特新|国家优质工程奖|长三角|华东|优质甲方,https://www.jiansheku.com/enterprise/10366649/
64742,安徽省城建设计研究总院股份有限公司,,在业,孟玉,7380.962,1992-11-26,91340000485001465Q,安徽省合肥市包河区花园大道9号,安徽省-合肥市-包河区,40,484,12247,781,2452,172,严重行政处罚|建筑工程一级|勘察综合甲级|高新技术企业|省级企业技术中心|国家级荣誉奖项|国家优质工程奖|华夏建设科学技术奖|长三角|华东|优质甲方|民营企业,https://www.jiansheku.com/enterprise/64742/
37760,南京南瑞继保工程技术有限公司,,在业,何雪峰,150000,2001-05-15,91320115726096080Y,南京江宁经济技术开发区苏源大道69号,江苏省-南京市-江宁区,14,125,7534,150,1561,63,央企子公司|国有企业|高新技术企业|省级企业技术中心|长三角|华东|优质甲方,https://www.jiansheku.com/enterprise/37760/
166014,浙江省自然资源集团空间信息有限公司,,在业,于海乾,6000,2008-10-09,91330600680726648K,浙江省杭州市西湖区天目山路260-272（双）号、天目山路274号、万塘路2-18（双）号B座1008室,浙江省-杭州市-西湖区,8,1,13885,145,4417,3,省属国企|勘察综合甲级|科技型中小企业|国家优质工程奖|长三角|华东|优质甲方,https://www.jiansheku.com/enterprise/166014/
1048865,四川元丰建设项目管理有限公司,,在业,罗明勇,5000,1995-03-01,91510000201870344J,中国（四川）自由贸易试验区成都高新区益州大道北段777号1栋1单元15楼1504号,四川省-成都市-武侯区,16,21,10889,915,2823,22,严重行政处罚|监理综合资质|高新技术企业|国家级荣誉奖项|鲁班奖|国家优质工程奖|钢结构金奖|西南|优质甲方|民营企业,https://www.jiansheku.com/enterprise/1048865/
19220,广东省建筑设计研究院集团股份有限公司,,在业,李巍,10000,1994-04-15,914400004558576332,广州市荔湾区流花路97号,广东省-广州市-荔湾区,24,127,10317,2170,2549,125,省属国企|建筑工程一级|勘察综合甲级|高新技术企业|国家级荣誉奖项|国家优质工程奖|詹天佑奖|绿色建筑创新奖|钢结构金奖|优秀工程勘察设计奖|华夏建设科学技术奖|粤港澳大湾区|珠三角|华南|优质甲方,https://www.jiansheku.com/enterprise/19220/
124182757,广东建筑艺术设计院有限公司,设计院,在业,李坚,600,1988-03-14,91440000190322288Y,广州市天河区黄埔大道中309号自编3-09A,广东省-广州市-天河区,12,5,11160,234,3644,10,严重行政处罚|高新技术企业|科技型中小企业|专精特新|省级荣誉奖项|钱江杯|汾水杯|粤港澳大湾区|珠三角|华南|优质甲方|民营企业,https://www.jiansheku.com/enterprise/124182757/
19995,中国电建集团华东勘测设计研究院有限公司,,在业,时雷鸣,500000,1993-07-17,91330000142920718C,浙江省杭州市余杭区高教路201号,浙江省-杭州市-余杭区,33,553,9229,2098,2346,145,央企子公司|国有企业|建筑一级资质|建筑工程一级|电力工程一级|勘察综合甲级|设计综合甲级|高新技术企业|省级企业技术中心|专精特新|国家级荣誉奖项|国家优质工程奖|詹天佑奖|钢结构金奖|华夏建设科学技术奖|长三角|华东|优质甲方,https://www.jiansheku.com/enterprise/19995/
576846,中通服建设有限公司,中通服,在业,田俊锋,128000,1986-12-05,914400001903268010,广州市越秀区原道路17号（道路货物运输代理仅限非首层办公用房经营）,广东省-广州市-越秀区,23,603,7355,736,2130,172,央企子公司|国有企业|严重行政处罚|通信工程特级|高新技术企业|省级企业技术中心|国家优质工程奖|粤港澳大湾区|珠三角|华南|优质甲方,https://www.jiansheku.com/enterprise/576846/
61769,中建材（广州）勘测设计有限公司,,在业,蔡长发,3000,1990-08-08,91440101190421817M,广州市白云区机场路111号413-420房,广东省-广州市-白云区,11,0,12033,47,2879,1,国有企业|勘察综合甲级|高新技术企业|专精特新|国家优质工程奖|粤港澳大湾区|珠三角|华南|优质甲方,https://www.jiansheku.com/enterprise/61769/
9054511,中新创达咨询有限公司,,在业,秦鹤鸣,5001,2004-12-01,91410102769493625H,郑州市高新技术产业开发区翠竹街1号95幢,河南省-郑州市-中原区,5,152,8987,320,3112,99,严重行政处罚|监理综合资质|高新技术企业|专精特新|国家优质工程奖|华中|优质甲方|民营企业,https://www.jiansheku.com/enterprise/9054511/
2674,中地寅岗建设集团有限公司,中地寅岗,在业,苏鹏冲,100000,2006-05-18,91150291787084817D,内蒙古自治区包头市稀土高新技术产业开发区黄河大街86号时代广场G区20层,内蒙古自治区-包头市-九原区,62,23,8137,668,3788,65,严重行政处罚|建筑一级资质|公路工程一级|电力工程一级|矿山工程一级|石油化工工程一级|市政公用工程一级|机电工程一级|高新技术企业|省级企业技术中心|省级荣誉奖项|泰山杯|天府杯|真武阁杯|华北|优质甲方|民营企业,https://www.jiansheku.com/enterprise/2674/
38297,中誉设计有限公司,中誉设计,在业,于永才,5000,2003-04-07,91441802764908297H,清远市新城二号区设计院综合楼,广东省-清远市-清城区,28,1,10008,314,2553,2,高新技术企业|国家优质工程奖|华南|优质甲方|民营企业,https://www.jiansheku.com/enterprise/38297/
31262,中北工程设计咨询有限公司,,在业,石玉山,5000,2007-06-12,91610000661186666D,陕西省西安市高新区高新六路21号万象汇3号楼25层2502室,陕西省-西安市-雁塔区,68,1,9227,210,3141,2,严重行政处罚|勘察综合甲级|高新技术企业|国家优质工程奖|西北|优质甲方|民营企业,https://www.jiansheku.com/enterprise/31262/
6485,中天建设集团有限公司,,在业,宋健松,325300,1998-04-03,91330783147520019P,浙江省东阳市吴宁东路65号,浙江省-金华市-东阳市,19,155,10306,4659,3172,443,严重行政处罚|建筑工程特级|省级企业技术中心|国家级荣誉奖项|鲁班奖|国家优质工程奖|詹天佑奖|建筑装饰优质工程奖|钢结构金奖|华夏建设科学技术奖|长三角|华东|优质甲方|民营企业,https://www.jiansheku.com/enterprise/6485/
44129,中电鸿信信息科技有限公司,,在业,李东华,11000,2007-10-10,91320000668382125D,南京市玄武大道699-1号,江苏省-南京市-玄武区,7,10523,7010,60,3128,1799,央企子公司|国有企业|高新技术企业|省级企业技术中心|专精特新|小巨人企业|长三角|华东|优质甲方,https://www.jiansheku.com/enterprise/44129/
36789,山东军辉建设工程有限公司,军辉工程,在业,侯博文,50000,2004-09-06,91370983766663684M,山东省泰安市肥城市仪阳工业园区,山东省-泰安市-肥城市,26,17,7364,332,3633,71,严重行政处罚|机电工程特级|泰山杯|华东|优质甲方|民营企业,https://www.jiansheku.com/enterprise/36789/
39680,四川同创建设工程管理有限公司,,在业,高杰,600,2005-01-07,91510000769974576D,成都金牛高新技术产业园区兴科中路36号3层303号,四川省-成都市-金牛区,21,37,8702,749,2919,72,监理综合资质|省级荣誉奖项|巴渝杯|草原杯|安济杯|天府杯|黄果树杯|西南|优质甲方|民营企业,https://www.jiansheku.com/enterprise/39680/
